1,Bahrain International Circuit,Bahrain,0,2023-03-05 15:00:00,2023-03-04 18:00:00,
2,Jeddah Corniche Circuit,Saudi Arabia,0,2023-03-19 17:00:00,2023-03-18 17:00:00,
3,Melbourne Grand Prix Circuit,Australia,0,2023-04-02 06:00:00,2023-04-01 06:00:00,
4,Baku City Circuit,Azerbaijan,1,2023-04-30 12:00:00,2023-04-28 14:00:00,2023-04-29 14:30:00
5,Miami International Autodrome,United States,0,2023-05-07 20:30:00,2023-05-06 21:00:00,
6,Autodromo Enzo e Dino Ferrari,Italy,0,2023-05-21 14:00:00,2023-05-20 15:00:00,
7,Circuit de Monaco,Monaco,0,2023-05-28 14:00:00,2023-05-27 15:00:00,
8,Circuit de Barcelona-Catalunya,Spain,0,2023-06-04 14:00:00,2023-06-03 15:00:00,
9,Circuit Gilles-Villeneuve,Canada,0,2023-06-18 19:00:00,2023-06-17 21:00:00,
10,Red Bull Ring,Austria,1,2023-07-02 14:00:00,2023-06-30 16:00:00,2023-07-01 15:30:00
11,Silverstone Circuit,Great Britain,0,2023-07-09 15:00:00,2023-07-08 15:00:00,
12,Hungaroring,Hungary,0,2023-07-23 14:00:00,2023-07-22 15:00:00,
13,Circuit de Spa-Francorchamps,Belgium,1,2023-07-30 14:00:00,2023-07-28 16:00:00,2023-07-29 15:30:00
14,Circuit Zandvoort,Netherlands,0,2023-08-27 14:00:00,2023-08-26 14:00:00,
15,Autodromo Nazionale Monza,Italy,0,2023-09-03 14:00:00,2023-09-02 15:00:00,
16,Marina Bay Street Circuit,Singapore,0,2023-09-17 13:00:00,2023-09-16 14:00:00,
17,Suzuka International Racing Course,Japan,0,2023-09-24 06:00:00,2023-09-23 07:00:00,
18,Lusail International Circuit,Qatar,1,2023-10-08 15:00:00,2023-10-06 15:00:00,2023-10-07 15:30:00
19,Circuit of The Americas,United States,1,2023-10-22 20:00:00,2023-10-20 22:00:00,2023-10-21 23:00:00
20,Autódromo Hermanos Rodríguez,Mexico,0,2023-10-29 20:00:00,2023-10-28 22:00:00,
21,Autódromo José Carlos Pace,Brazil,1,2023-11-05 17:00:00,2023-11-03 18:00:00,2023-11-04 18:30:00
22,Las Vegas,United States,0,2023-11-18 06:00:00,2023-11-18 06:00:00,
23,Yas Marina Circuit,Abu Dhabi,0,2023-11-26 13:00:00,2023-11-25 14:00:00,
